Insertion Sort,Random,10,2.0874998654107912e-06
Insertion Sort,Random,100,0.00012010000000373111
Insertion Sort,Random,500,0.003102362499987521
Insertion Sort,Random,1000,0.013231012500000361
Insertion Sort,Random,2500,0.08379031249995705
Insertion Sort,Random,5000,0.34277501249999887
Insertion Sort,Random,10000,1.3410219374999315
Insertion Sort,Almost Sorted,10,2.1374999050749466e-06
Insertion Sort,Almost Sorted,100,1.978749997988416e-05
Insertion Sort,Almost Sorted,500,0.00014994999992268276
Insertion Sort,Almost Sorted,1000,0.00038542499987670453
Insertion Sort,Almost Sorted,2500,0.0011187500000460204
Insertion Sort,Almost Sorted,5000,0.002341762499952438
Insertion Sort,Almost Sorted,10000,0.005476150000049529
Insertion Sort,Two Alternating Runs,10,1.9999999949504854e-06
Insertion Sort,Two Alternating Runs,100,8.726249996016122e-05
Insertion Sort,Two Alternating Runs,500,0.0016315000000872715
Insertion Sort,Two Alternating Runs,1000,0.00661867500008384
Insertion Sort,Two Alternating Runs,2500,0.0427294124999662
Insertion Sort,Two Alternating Runs,5000,0.16864685000007285
Insertion Sort,Two Alternating Runs,10000,0.706578712500118
Tim Sort,Random,10,7.074999984979513e-06
Tim Sort,Random,100,7.583749999184874e-05
Tim Sort,Random,500,0.000505262500041681
Tim Sort,Random,1000,0.0011678999999844564
Tim Sort,Random,2500,0.0031951249998769526
Tim Sort,Random,5000,0.006688837500007594
Tim Sort,Random,10000,0.014234050000084153
Tim Sort,Almost Sorted,10,6.049999967672193e-06
Tim Sort,Almost Sorted,100,5.155000013701283e-05
Tim Sort,Almost Sorted,500,0.00018279999994774698
Tim Sort,Almost Sorted,1000,0.0003748125000129221
Tim Sort,Almost Sorted,2500,0.0009966124999323256
Tim Sort,Almost Sorted,5000,0.002139462500110767
Tim Sort,Almost Sorted,10000,0.004285299999935432
Tim Sort,Two Alternating Runs,10,4.987500005881884e-06
Tim Sort,Two Alternating Runs,100,1.4437500055919372e-05
Tim Sort,Two Alternating Runs,500,9.47874999042142e-05
Tim Sort,Two Alternating Runs,1000,0.00014237499999580905
Tim Sort,Two Alternating Runs,2500,0.00035113749987658593
Tim Sort,Two Alternating Runs,5000,0.0007139624999581429
Tim Sort,Two Alternating Runs,10000,0.0014620375000617969
shell_sort1,Random,10,3.0124999739200575e-06
shell_sort1,Random,100,4.5862499973736703e-05
shell_sort1,Random,500,0.0003834999999980937
shell_sort1,Random,1000,0.0009561374999975669
shell_sort1,Random,2500,0.0033292624999603504
shell_sort1,Random,5000,0.007395900000005895
shell_sort1,Random,10000,0.01710044999992988
shell_sort1,Almost Sorted,10,2.3749999513711373e-06
shell_sort1,Almost Sorted,100,5.131250003387322e-05
shell_sort1,Almost Sorted,500,0.00025818749998052226
shell_sort1,Almost Sorted,1000,0.0005825124999887521
shell_sort1,Almost Sorted,2500,0.0018166749999863896
shell_sort1,Almost Sorted,5000,0.004041649999976471
shell_sort1,Almost Sorted,10000,0.00920751250015428
shell_sort1,Two Alternating Runs,10,3.474999971331272e-06
shell_sort1,Two Alternating Runs,100,5.106249989239586e-05
shell_sort1,Two Alternating Runs,500,0.00028668750013594035
shell_sort1,Two Alternating Runs,1000,0.0007050375000403619
shell_sort1,Two Alternating Runs,2500,0.0020385875000101805
shell_sort1,Two Alternating Runs,5000,0.004567487499969047
shell_sort1,Two Alternating Runs,10000,0.009738024999876416
shell_sort2,Random,10,5.074999933185609e-06
shell_sort2,Random,100,0.00015032499993594683
shell_sort2,Random,500,0.003613149999921461
shell_sort2,Random,1000,0.015067762499938908
shell_sort2,Random,2500,0.09606652499996926
shell_sort2,Random,5000,0.38659356250002475
shell_sort2,Random,10000,1.5213598250001041
shell_sort2,Almost Sorted,10,4.875000058746082e-06
shell_sort2,Almost Sorted,100,5.4112500038172584e-05
shell_sort2,Almost Sorted,500,0.0003373874999965665
shell_sort2,Almost Sorted,1000,0.0007796624999514279
shell_sort2,Almost Sorted,2500,0.0024247874999900887
shell_sort2,Almost Sorted,5000,0.005679487500060532
shell_sort2,Almost Sorted,10000,0.01187176249999311
shell_sort2,Two Alternating Runs,10,3.274999983204907e-06
shell_sort2,Two Alternating Runs,100,8.677500005660477e-05
shell_sort2,Two Alternating Runs,500,0.0019313125000621767
shell_sort2,Two Alternating Runs,1000,0.007872600000098373
shell_sort2,Two Alternating Runs,2500,0.04837320000007139
shell_sort2,Two Alternating Runs,5000,0.19429336250010465
shell_sort2,Two Alternating Runs,10000,0.7642742499999713
shell_sort3,Random,10,4.03749987754054e-06
shell_sort3,Random,100,6.12250000244785e-05
shell_sort3,Random,500,0.00044618750001745866
shell_sort3,Random,1000,0.001176475000136179
shell_sort3,Random,2500,0.0034390125000527405
shell_sort3,Random,5000,0.006983962500044072
shell_sort3,Random,10000,0.016697587499947986
shell_sort3,Almost Sorted,10,2.8750000637955964e-06
shell_sort3,Almost Sorted,100,3.868750002311572e-05
shell_sort3,Almost Sorted,500,0.0002733499999862943
shell_sort3,Almost Sorted,1000,0.0006277124999769512
shell_sort3,Almost Sorted,2500,0.0018594499998698666
shell_sort3,Almost Sorted,5000,0.0038922874999798296
shell_sort3,Almost Sorted,10000,0.008355162500095048
shell_sort3,Two Alternating Runs,10,2.6750000756692316e-06
shell_sort3,Two Alternating Runs,100,5.553750008857605e-05
shell_sort3,Two Alternating Runs,500,0.00029548750006824775
shell_sort3,Two Alternating Runs,1000,0.0006920000000150139
shell_sort3,Two Alternating Runs,2500,0.002095650000057958
shell_sort3,Two Alternating Runs,5000,0.004223237500070809
shell_sort3,Two Alternating Runs,10000,0.009575312500146538
shell_sort4,Random,10,5.5250000059459126e-06
shell_sort4,Random,100,0.00012105000001838562
shell_sort4,Random,500,0.0008578125000440195
shell_sort4,Random,1000,0.0020726999999851614
shell_sort4,Random,2500,0.006713275000095109
shell_sort4,Random,5000,0.016551874999947813
shell_sort4,Random,10000,0.03626292500001682
shell_sort4,Almost Sorted,10,6.962499981000292e-06
shell_sort4,Almost Sorted,100,7.516250002481684e-05
shell_sort4,Almost Sorted,500,0.0007089999999720931
shell_sort4,Almost Sorted,1000,0.0018540749998692263
shell_sort4,Almost Sorted,2500,0.005956212500109359
shell_sort4,Almost Sorted,5000,0.013889787499920203
shell_sort4,Almost Sorted,10000,0.033364437499983524
shell_sort4,Two Alternating Runs,10,7.350000032602111e-06
shell_sort4,Two Alternating Runs,100,0.00012133749999065913
shell_sort4,Two Alternating Runs,500,0.0007715250001183449
shell_sort4,Two Alternating Runs,1000,0.001981549999982235
shell_sort4,Two Alternating Runs,2500,0.006815487499977735
shell_sort4,Two Alternating Runs,5000,0.016015412499882586
shell_sort4,Two Alternating Runs,10000,0.03756802499992773
shell_sort5,Random,10,3.287500078386074e-06
shell_sort5,Random,100,4.0250000154173904e-05
shell_sort5,Random,500,0.00036765000010063886
shell_sort5,Random,1000,0.0009278000000563225
shell_sort5,Random,2500,0.002765349999947375
shell_sort5,Random,5000,0.0064975124999477885
shell_sort5,Random,10000,0.015342287500004659
shell_sort5,Almost Sorted,10,3.6999999224462954e-06
shell_sort5,Almost Sorted,100,3.981249994922109e-05
shell_sort5,Almost Sorted,500,0.0002250000000003638
shell_sort5,Almost Sorted,1000,0.0004920250000282067
shell_sort5,Almost Sorted,2500,0.0013391624999599117
shell_sort5,Almost Sorted,5000,0.0029099000000769593
shell_sort5,Almost Sorted,10000,0.006241062499896088
shell_sort5,Two Alternating Runs,10,3.5999998999614036e-06
shell_sort5,Two Alternating Runs,100,3.9887500008717325e-05
shell_sort5,Two Alternating Runs,500,0.0002271500000006199
shell_sort5,Two Alternating Runs,1000,0.0005012124999552725
shell_sort5,Two Alternating Runs,2500,0.0013247000000546905
shell_sort5,Two Alternating Runs,5000,0.003065312499927586
shell_sort5,Two Alternating Runs,10000,0.006200400000011541
skip_list_sort,Random,10,1.7187500361615093e-05
skip_list_sort,Random,100,0.0001541250001082517
skip_list_sort,Random,500,0.0010373874999913824
skip_list_sort,Random,1000,0.0020169624997379287
skip_list_sort,Random,2500,0.005458562499597974
skip_list_sort,Random,5000,0.012117037500274819
skip_list_sort,Random,10000,0.02611078750010165
skip_list_sort,Almost Sorted,10,1.4225000313672354e-05
skip_list_sort,Almost Sorted,100,0.0001531999998860556
skip_list_sort,Almost Sorted,500,0.0008898499997940235
skip_list_sort,Almost Sorted,1000,0.0019382374998713203
skip_list_sort,Almost Sorted,2500,0.0068090124993887
skip_list_sort,Almost Sorted,5000,0.010632900000018708
skip_list_sort,Almost Sorted,10000,0.023460799999838855
skip_list_sort,Two Alternating Runs,10,1.3962499906483572e-05
skip_list_sort,Two Alternating Runs,100,0.0001705624999885913
skip_list_sort,Two Alternating Runs,500,0.00091331250064286
skip_list_sort,Two Alternating Runs,1000,0.001981537499887054
skip_list_sort,Two Alternating Runs,2500,0.005606149999948684
skip_list_sort,Two Alternating Runs,5000,0.011436975000151506
skip_list_sort,Two Alternating Runs,10000,0.024212887499743374
